Domain Code,Domain,Area Code,Area,Element Code,Element,Item Code,Item,Year Code,Year,Unit,Value,Flag,Flag Description
"QD","Crops processed","5","American Samoa","5510","Production","252","Oil, coconut (copra)","2011","2011","tonnes","72","Im","FAO data based on imputation methodology"
"QD","Crops processed","5","American Samoa","5510","Production","252","Oil, coconut (copra)","2012","2012","tonnes","72","Im","FAO data based on imputation methodology"
"QD","Crops processed","5","American Samoa","5510","Production","252","Oil, coconut (copra)","2013","2013","tonnes","72","Im","FAO data based on imputation methodology"
"QD","Crops processed","5","American Samoa","5510","Production","252","Oil, coconut (copra)","2014","2014","tonnes","72","Im","FAO data based on imputation methodology"
"QD","Crops processed","10","Australia","5510","Production","252","Oil, coconut (copra)","2011","2011","tonnes","293","Im","FAO data based on imputation methodology"
"QD","Crops processed","10","Australia","5510","Production","252","Oil, coconut (copra)","2012","2012","tonnes","27","Im","FAO data based on imputation methodology"
"QD","Crops processed","10","Australia","5510","Production","252","Oil, coconut (copra)","2013","2013","tonnes","27","Im","FAO data based on imputation methodology"
"QD","Crops processed","10","Australia","5510","Production","252","Oil, coconut (copra)","2014","2014","tonnes","0","F","FAO estimate"
"QD","Crops processed","11","Austria","5510","Production","252","Oil, coconut (copra)","2011","2011","tonnes","0","Im","FAO data based on imputation methodology"
"QD","Crops processed","11","Austria","5510","Production","252","Oil, coconut (copra)","2012","2012","tonnes","0","Im","FAO data based on imputation methodology"
"QD","Crops processed","11","Austria","5510","Production","252","Oil, coconut (copra)","2013","2013","tonnes","0","Im","FAO data based on imputation methodology"
"QD","Crops processed","11","Austria","5510","Production","252","Oil, coconut (copra)","2014","2014","tonnes","0","F","FAO estimate"
"QD","Crops processed","16","Bangladesh","5510","Production","252","Oil, coconut (copra)","2011","2011","tonnes","15614","Im","FAO data based on imputation methodology"
"QD","Crops processed","16","Bangladesh","5510","Production","252","Oil, coconut (copra)","2012","2012","tonnes","16252","Im","FAO data based on imputation methodology"
"QD","Crops processed","16","Bangladesh","5510","Production","252","Oil, coconut (copra)","2013","2013","tonnes","18101","Im","FAO data based on imputation methodology"
"QD","Crops processed","16","Bangladesh","5510","Production","252","Oil, coconut (copra)","2014","2014","tonnes","17911","Im","FAO data based on imputation methodology"
"QD","Crops processed","14","Barbados","5510","Production","252","Oil, coconut (copra)","2011","2011","tonnes","0","Im","FAO data based on imputation methodology"
"QD","Crops processed","14","Barbados","5510","Production","252","Oil, coconut (copra)","2012","2012","tonnes","0","Im","FAO data based on imputation methodology"
"QD","Crops processed","14","Barbados","5510","Production","252","Oil, coconut (copra)","2013","2013","tonnes","0","Im","FAO data based on imputation methodology"
"QD","Crops processed","14","Barbados","5510","Production","252","Oil, coconut (copra)","2014","2014","tonnes","0","F","FAO estimate"
"QD","Crops processed","255","Belgium","5510","Production","252","Oil, coconut (copra)","2011","2011","tonnes","0","Im","FAO data based on imputation methodology"
"QD","Crops processed","255","Belgium","5510","Production","252","Oil, coconut (copra)","2012","2012","tonnes","0","Im","FAO data based on imputation methodology"
"QD","Crops processed","255","Belgium","5510","Production","252","Oil, coconut (copra)","2013","2013","tonnes","0","Im","FAO data based on imputation methodology"
"QD","Crops processed","255","Belgium","5510","Production","252","Oil, coconut (copra)","2014","2014","tonnes","0","F","FAO estimate"
"QD","Crops processed","23","Belize","5510","Production","252","Oil, coconut (copra)","2011","2011","tonnes","","M","Data not available"
"QD","Crops processed","23","Belize","5510","Production","252","Oil, coconut (copra)","2012","2012","tonnes","","M","Data not available"
"QD","Crops processed","23","Belize","5510","Production","252","Oil, coconut (copra)","2013","2013","tonnes","","M","Data not available"
"QD","Crops processed","23","Belize","5510","Production","252","Oil, coconut (copra)","2014","2014","tonnes","","M","Data not available"
"QD","Crops processed","53","Benin","5510","Production","252","Oil, coconut (copra)","2011","2011","tonnes","1500","F","FAO estimate"
"QD","Crops processed","53","Benin","5510","Production","252","Oil, coconut (copra)","2012","2012","tonnes","1600","F","FAO estimate"
"QD","Crops processed","53","Benin","5510","Production","252","Oil, coconut (copra)","2013","2013","tonnes","1560","Im","FAO data based on imputation methodology"
"QD","Crops processed","53","Benin","5510","Production","252","Oil, coconut (copra)","2014","2014","tonnes","1560","Im","FAO data based on imputation methodology"
"QD","Crops processed","21","Brazil","5510","Production","252","Oil, coconut (copra)","2011","2011","tonnes","2000","*","Unofficial figure"
"QD","Crops processed","21","Brazil","5510","Production","252","Oil, coconut (copra)","2012","2012","tonnes","2000","*","Unofficial figure"
"QD","Crops processed","21","Brazil","5510","Production","252","Oil, coconut (copra)","2013","2013","tonnes","2000","*","Unofficial figure"
"QD","Crops processed","21","Brazil","5510","Production","252","Oil, coconut (copra)","2014","2014","tonnes","2000","*","Unofficial figure"
"QD","Crops processed","115","Cambodia","5510","Production","252","Oil, coconut (copra)","2011","2011","tonnes","10395","Im","FAO data based on imputation methodology"
"QD","Crops processed","115","Cambodia","5510","Production","252","Oil, coconut (copra)","2012","2012","tonnes","10238","Im","FAO data based on imputation methodology"
"QD","Crops processed","115","Cambodia","5510","Production","252","Oil, coconut (copra)","2013","2013","tonnes","10796","Im","FAO data based on imputation methodology"
"QD","Crops processed","115","Cambodia","5510","Production","252","Oil, coconut (copra)","2014","2014","tonnes","11340","Im","FAO data based on imputation methodology"
"QD","Crops processed","32","Cameroon","5510","Production","252","Oil, coconut (copra)","2011","2011","tonnes","900","Im","FAO data based on imputation methodology"
"QD","Crops processed","32","Cameroon","5510","Production","252","Oil, coconut (copra)","2012","2012","tonnes","990","Im","FAO data based on imputation methodology"
"QD","Crops processed","32","Cameroon","5510","Production","252","Oil, coconut (copra)","2013","2013","tonnes","990","Im","FAO data based on imputation methodology"
"QD","Crops processed","32","Cameroon","5510","Production","252","Oil, coconut (copra)","2014","2014","tonnes","900","Im","FAO data based on imputation methodology"
"QD","Crops processed","96","China, Hong Kong SAR","5510","Production","252","Oil, coconut (copra)","2011","2011","tonnes","331","Im","FAO data based on imputation methodology"
"QD","Crops processed","96","China, Hong Kong SAR","5510","Production","252","Oil, coconut (copra)","2012","2012","tonnes","387","Im","FAO data based on imputation methodology"
"QD","Crops processed","96","China, Hong Kong SAR","5510","Production","252","Oil, coconut (copra)","2013","2013","tonnes","387","Im","FAO data based on imputation methodology"
"QD","Crops processed","96","China, Hong Kong SAR","5510","Production","252","Oil, coconut (copra)","2014","2014","tonnes","406","Im","FAO data based on imputation methodology"
"QD","Crops processed","44","Colombia","5510","Production","252","Oil, coconut (copra)","2011","2011","tonnes","0","Im","FAO data based on imputation methodology"
"QD","Crops processed","44","Colombia","5510","Production","252","Oil, coconut (copra)","2012","2012","tonnes","87","","Official data"
"QD","Crops processed","44","Colombia","5510","Production","252","Oil, coconut (copra)","2013","2013","tonnes","89","","Official data"
"QD","Crops processed","44","Colombia","5510","Production","252","Oil, coconut (copra)","2014","2014","tonnes","90","F","FAO estimate"
"QD","Crops processed","45","Comoros","5510","Production","252","Oil, coconut (copra)","2011","2011","tonnes","5160","Im","FAO data based on imputation methodology"
"QD","Crops processed","45","Comoros","5510","Production","252","Oil, coconut (copra)","2012","2012","tonnes","5160","Im","FAO data based on imputation methodology"
"QD","Crops processed","45","Comoros","5510","Production","252","Oil, coconut (copra)","2013","2013","tonnes","5160","Im","FAO data based on imputation methodology"
"QD","Crops processed","45","Comoros","5510","Production","252","Oil, coconut (copra)","2014","2014","tonnes","5400","Im","FAO data based on imputation methodology"
"QD","Crops processed","47","Cook Islands","5510","Production","252","Oil, coconut (copra)","2011","2011","tonnes","0","Im","FAO data based on imputation methodology"
"QD","Crops processed","47","Cook Islands","5510","Production","252","Oil, coconut (copra)","2012","2012","tonnes","0","Im","FAO data based on imputation methodology"
"QD","Crops processed","47","Cook Islands","5510","Production","252","Oil, coconut (copra)","2013","2013","tonnes","0","Im","FAO data based on imputation methodology"
"QD","Crops processed","47","Cook Islands","5510","Production","252","Oil, coconut (copra)","2014","2014","tonnes","0","Im","FAO data based on imputation methodology"
"QD","Crops processed","48","Costa Rica","5510","Production","252","Oil, coconut (copra)","2011","2011","tonnes","132","Im","FAO data based on imputation methodology"
"QD","Crops processed","48","Costa Rica","5510","Production","252","Oil, coconut (copra)","2012","2012","tonnes","539","Im","FAO data based on imputation methodology"
"QD","Crops processed","48","Costa Rica","5510","Production","252","Oil, coconut (copra)","2013","2013","tonnes","248","Im","FAO data based on imputation methodology"
"QD","Crops processed","48","Costa Rica","5510","Production","252","Oil, coconut (copra)","2014","2014","tonnes","128","Im","FAO data based on imputation methodology"
"QD","Crops processed","107","Côte d'Ivoire","5510","Production","252","Oil, coconut (copra)","2011","2011","tonnes","31803","Im","FAO data based on imputation methodology"
"QD","Crops processed","107","Côte d'Ivoire","5510","Production","252","Oil, coconut (copra)","2012","2012","tonnes","29440","Im","FAO data based on imputation methodology"
"QD","Crops processed","107","Côte d'Ivoire","5510","Production","252","Oil, coconut (copra)","2013","2013","tonnes","29430","Im","FAO data based on imputation methodology"
"QD","Crops processed","107","Côte d'Ivoire","5510","Production","252","Oil, coconut (copra)","2014","2014","tonnes","29430","Im","FAO data based on imputation methodology"
"QD","Crops processed","167","Czechia","5510","Production","252","Oil, coconut (copra)","2012","2012","tonnes","","M","Data not available"
"QD","Crops processed","167","Czechia","5510","Production","252","Oil, coconut (copra)","2013","2013","tonnes","","M","Data not available"
"QD","Crops processed","167","Czechia","5510","Production","252","Oil, coconut (copra)","2014","2014","tonnes","","M","Data not available"
"QD","Crops processed","54","Denmark","5510","Production","252","Oil, coconut (copra)","2011","2011","tonnes","50","Im","FAO data based on imputation methodology"
"QD","Crops processed","54","Denmark","5510","Production","252","Oil, coconut (copra)","2012","2012","tonnes","60","Im","FAO data based on imputation methodology"
"QD","Crops processed","54","Denmark","5510","Production","252","Oil, coconut (copra)","2013","2013","tonnes","47","Im","FAO data based on imputation methodology"
"QD","Crops processed","54","Denmark","5510","Production","252","Oil, coconut (copra)","2014","2014","tonnes","47","Im","FAO data based on imputation methodology"
"QD","Crops processed","55","Dominica","5510","Production","252","Oil, coconut (copra)","2011","2011","tonnes","500","F","FAO estimate"
"QD","Crops processed","55","Dominica","5510","Production","252","Oil, coconut (copra)","2012","2012","tonnes","500","F","FAO estimate"
"QD","Crops processed","55","Dominica","5510","Production","252","Oil, coconut (copra)","2013","2013","tonnes","500","F","FAO estimate"
"QD","Crops processed","55","Dominica","5510","Production","252","Oil, coconut (copra)","2014","2014","tonnes","520","F","FAO estimate"
"QD","Crops processed","56","Dominican Republic","5510","Production","252","Oil, coconut (copra)","2011","2011","tonnes","7300","*","Unofficial figure"
"QD","Crops processed","56","Dominican Republic","5510","Production","252","Oil, coconut (copra)","2012","2012","tonnes","7300","*","Unofficial figure"
"QD","Crops processed","56","Dominican Republic","5510","Production","252","Oil, coconut (copra)","2013","2013","tonnes","7300","*","Unofficial figure"
"QD","Crops processed","56","Dominican Republic","5510","Production","252","Oil, coconut (copra)","2014","2014","tonnes","7300","*","Unofficial figure"
"QD","Crops processed","58","Ecuador","5510","Production","252","Oil, coconut (copra)","2011","2011","tonnes","2112","Im","FAO data based on imputation methodology"
"QD","Crops processed","58","Ecuador","5510","Production","252","Oil, coconut (copra)","2012","2012","tonnes","2053","Im","FAO data based on imputation methodology"
"QD","Crops processed","58","Ecuador","5510","Production","252","Oil, coconut (copra)","2013","2013","tonnes","2068","Im","FAO data based on imputation methodology"
"QD","Crops processed","58","Ecuador","5510","Production","252","Oil, coconut (copra)","2014","2014","tonnes","2112","Im","FAO data based on imputation methodology"
"QD","Crops processed","60","El Salvador","5510","Production","252","Oil, coconut (copra)","2011","2011","tonnes","960","Im","FAO data based on imputation methodology"
"QD","Crops processed","60","El Salvador","5510","Production","252","Oil, coconut (copra)","2012","2012","tonnes","1056","Im","FAO data based on imputation methodology"
"QD","Crops processed","60","El Salvador","5510","Production","252","Oil, coconut (copra)","2013","2013","tonnes","1085","Im","FAO data based on imputation methodology"
"QD","Crops processed","60","El Salvador","5510","Production","252","Oil, coconut (copra)","2014","2014","tonnes","1308","Im","FAO data based on imputation methodology"
"QD","Crops processed","66","Fiji","5510","Production","252","Oil, coconut (copra)","2011","2011","tonnes","4765","","Official data"
"QD","Crops processed","66","Fiji","5510","Production","252","Oil, coconut (copra)","2012","2012","tonnes","4977","","Official data"
"QD","Crops processed","66","Fiji","5510","Production","252","Oil, coconut (copra)","2013","2013","tonnes","5225","","Official data"
"QD","Crops processed","66","Fiji","5510","Production","252","Oil, coconut (copra)","2014","2014","tonnes","3990","","Official data"
"QD","Crops processed","67","Finland","5510","Production","252","Oil, coconut (copra)","2011","2011","tonnes","3","Im","FAO data based on imputation methodology"
"QD","Crops processed","67","Finland","5510","Production","252","Oil, coconut (copra)","2012","2012","tonnes","4","Im","FAO data based on imputation methodology"
"QD","Crops processed","67","Finland","5510","Production","252","Oil, coconut (copra)","2013","2013","tonnes","0","Im","FAO data based on imputation methodology"
"QD","Crops processed","67","Finland","5510","Production","252","Oil, coconut (copra)","2014","2014","tonnes","0","F","FAO estimate"
"QD","Crops processed","68","France","5510","Production","252","Oil, coconut (copra)","2011","2011","tonnes","0","Im","FAO data based on imputation methodology"
"QD","Crops processed","68","France","5510","Production","252","Oil, coconut (copra)","2012","2012","tonnes","0","Im","FAO data based on imputation methodology"
"QD","Crops processed","68","France","5510","Production","252","Oil, coconut (copra)","2013","2013","tonnes","0","Im","FAO data based on imputation methodology"
"QD","Crops processed","68","France","5510","Production","252","Oil, coconut (copra)","2014","2014","tonnes","0","Im","FAO data based on imputation methodology"
"QD","Crops processed","70","French Polynesia","5510","Production","252","Oil, coconut (copra)","2011","2011","tonnes","6456","","Official data"
"QD","Crops processed","70","French Polynesia","5510","Production","252","Oil, coconut (copra)","2012","2012","tonnes","6992","","Official data"
"QD","Crops processed","70","French Polynesia","5510","Production","252","Oil, coconut (copra)","2013","2013","tonnes","6099","","Official data"
"QD","Crops processed","70","French Polynesia","5510","Production","252","Oil, coconut (copra)","2014","2014","tonnes","7250","F","FAO estimate"
"QD","Crops processed","79","Germany","5510","Production","252","Oil, coconut (copra)","2011","2011","tonnes","","M","Data not available"
"QD","Crops processed","79","Germany","5510","Production","252","Oil, coconut (copra)","2012","2012","tonnes","","M","Data not available"
"QD","Crops processed","79","Germany","5510","Production","252","Oil, coconut (copra)","2013","2013","tonnes","","M","Data not available"
"QD","Crops processed","79","Germany","5510","Production","252","Oil, coconut (copra)","2014","2014","tonnes","","M","Data not available"
"QD","Crops processed","81","Ghana","5510","Production","252","Oil, coconut (copra)","2011","2011","tonnes","9900","F","FAO estimate"
"QD","Crops processed","81","Ghana","5510","Production","252","Oil, coconut (copra)","2012","2012","tonnes","8578","Im","FAO data based on imputation methodology"
"QD","Crops processed","81","Ghana","5510","Production","252","Oil, coconut (copra)","2013","2013","tonnes","8516","Im","FAO data based on imputation methodology"
"QD","Crops processed","81","Ghana","5510","Production","252","Oil, coconut (copra)","2014","2014","tonnes","9000","Im","FAO data based on imputation methodology"
"QD","Crops processed","86","Grenada","5510","Production","252","Oil, coconut (copra)","2011","2011","tonnes","374","Im","FAO data based on imputation methodology"
"QD","Crops processed","86","Grenada","5510","Production","252","Oil, coconut (copra)","2012","2012","tonnes","374","Im","FAO data based on imputation methodology"
"QD","Crops processed","86","Grenada","5510","Production","252","Oil, coconut (copra)","2013","2013","tonnes","374","Im","FAO data based on imputation methodology"
"QD","Crops processed","86","Grenada","5510","Production","252","Oil, coconut (copra)","2014","2014","tonnes","384","Im","FAO data based on imputation methodology"
"QD","Crops processed","88","Guam","5510","Production","252","Oil, coconut (copra)","2011","2011","tonnes","1210","Im","FAO data based on imputation methodology"
"QD","Crops processed","88","Guam","5510","Production","252","Oil, coconut (copra)","2012","2012","tonnes","1210","Im","FAO data based on imputation methodology"
"QD","Crops processed","88","Guam","5510","Production","252","Oil, coconut (copra)","2013","2013","tonnes","1210","Im","FAO data based on imputation methodology"
"QD","Crops processed","88","Guam","5510","Production","252","Oil, coconut (copra)","2014","2014","tonnes","1210","Im","FAO data based on imputation methodology"
"QD","Crops processed","90","Guinea","5510","Production","252","Oil, coconut (copra)","2011","2011","tonnes","1350","Im","FAO data based on imputation methodology"
"QD","Crops processed","90","Guinea","5510","Production","252","Oil, coconut (copra)","2012","2012","tonnes","1350","Im","FAO data based on imputation methodology"
"QD","Crops processed","90","Guinea","5510","Production","252","Oil, coconut (copra)","2013","2013","tonnes","1325","Im","FAO data based on imputation methodology"
"QD","Crops processed","90","Guinea","5510","Production","252","Oil, coconut (copra)","2014","2014","tonnes","1410","Im","FAO data based on imputation methodology"
"QD","Crops processed","175","Guinea-Bissau","5510","Production","252","Oil, coconut (copra)","2011","2011","tonnes","5859","Im","FAO data based on imputation methodology"
"QD","Crops processed","175","Guinea-Bissau","5510","Production","252","Oil, coconut (copra)","2012","2012","tonnes","5839","Im","FAO data based on imputation methodology"
"QD","Crops processed","175","Guinea-Bissau","5510","Production","252","Oil, coconut (copra)","2013","2013","tonnes","5952","Im","FAO data based on imputation methodology"
"QD","Crops processed","175","Guinea-Bissau","5510","Production","252","Oil, coconut (copra)","2014","2014","tonnes","5985","Im","FAO data based on imputation methodology"
"QD","Crops processed","91","Guyana","5510","Production","252","Oil, coconut (copra)","2011","2011","tonnes","1330","F","FAO estimate"
"QD","Crops processed","91","Guyana","5510","Production","252","Oil, coconut (copra)","2012","2012","tonnes","960","F","FAO estimate"
"QD","Crops processed","91","Guyana","5510","Production","252","Oil, coconut (copra)","2013","2013","tonnes","1100","F","FAO estimate"
"QD","Crops processed","91","Guyana","5510","Production","252","Oil, coconut (copra)","2014","2014","tonnes","1100","Im","FAO data based on imputation methodology"
"QD","Crops processed","95","Honduras","5510","Production","252","Oil, coconut (copra)","2011","2011","tonnes","646","Im","FAO data based on imputation methodology"
"QD","Crops processed","95","Honduras","5510","Production","252","Oil, coconut (copra)","2012","2012","tonnes","646","Im","FAO data based on imputation methodology"
"QD","Crops processed","95","Honduras","5510","Production","252","Oil, coconut (copra)","2013","2013","tonnes","646","Im","FAO data based on imputation methodology"
"QD","Crops processed","95","Honduras","5510","Production","252","Oil, coconut (copra)","2014","2014","tonnes","640","Im","FAO data based on imputation methodology"
"QD","Crops processed","99","Iceland","5510","Production","252","Oil, coconut (copra)","2013","2013","tonnes","0","","Official data"
"QD","Crops processed","99","Iceland","5510","Production","252","Oil, coconut (copra)","2014","2014","tonnes","0","","Official data"
"QD","Crops processed","100","India","5510","Production","252","Oil, coconut (copra)","2011","2011","tonnes","379000","*","Unofficial figure"
"QD","Crops processed","100","India","5510","Production","252","Oil, coconut (copra)","2012","2012","tonnes","391800","*","Unofficial figure"
"QD","Crops processed","100","India","5510","Production","252","Oil, coconut (copra)","2013","2013","tonnes","433000","*","Unofficial figure"
"QD","Crops processed","100","India","5510","Production","252","Oil, coconut (copra)","2014","2014","tonnes","394200","*","Unofficial figure"
"QD","Crops processed","101","Indonesia","5510","Production","252","Oil, coconut (copra)","2011","2011","tonnes","840200","","Official data"
"QD","Crops processed","101","Indonesia","5510","Production","252","Oil, coconut (copra)","2012","2012","tonnes","926500","","Official data"
"QD","Crops processed","101","Indonesia","5510","Production","252","Oil, coconut (copra)","2013","2013","tonnes","868000","*","Unofficial figure"
"QD","Crops processed","101","Indonesia","5510","Production","252","Oil, coconut (copra)","2014","2014","tonnes","911100","*","Unofficial figure"
"QD","Crops processed","103","Iraq","5510","Production","252","Oil, coconut (copra)","2011","2011","tonnes","227","Im","FAO data based on imputation methodology"
"QD","Crops processed","103","Iraq","5510","Production","252","Oil, coconut (copra)","2012","2012","tonnes","133","Im","FAO data based on imputation methodology"
"QD","Crops processed","103","Iraq","5510","Production","252","Oil, coconut (copra)","2013","2013","tonnes","27","Im","FAO data based on imputation methodology"
"QD","Crops processed","103","Iraq","5510","Production","252","Oil, coconut (copra)","2014","2014","tonnes","27","Im","FAO data based on imputation methodology"
"QD","Crops processed","104","Ireland","5510","Production","252","Oil, coconut (copra)","2011","2011","tonnes","0","Im","FAO data based on imputation methodology"
"QD","Crops processed","104","Ireland","5510","Production","252","Oil, coconut (copra)","2012","2012","tonnes","0","Im","FAO data based on imputation methodology"
"QD","Crops processed","104","Ireland","5510","Production","252","Oil, coconut (copra)","2013","2013","tonnes","10","Im","FAO data based on imputation methodology"
"QD","Crops processed","104","Ireland","5510","Production","252","Oil, coconut (copra)","2014","2014","tonnes","10","F","FAO estimate"
"QD","Crops processed","105","Israel","5510","Production","252","Oil, coconut (copra)","2011","2011","tonnes","0","Im","FAO data based on imputation methodology"
"QD","Crops processed","105","Israel","5510","Production","252","Oil, coconut (copra)","2012","2012","tonnes","0","Im","FAO data based on imputation methodology"
"QD","Crops processed","105","Israel","5510","Production","252","Oil, coconut (copra)","2013","2013","tonnes","0","Im","FAO data based on imputation methodology"
"QD","Crops processed","105","Israel","5510","Production","252","Oil, coconut (copra)","2014","2014","tonnes","0","Im","FAO data based on imputation methodology"
"QD","Crops processed","106","Italy","5510","Production","252","Oil, coconut (copra)","2011","2011","tonnes","83","Im","FAO data based on imputation methodology"
"QD","Crops processed","106","Italy","5510","Production","252","Oil, coconut (copra)","2012","2012","tonnes","256","Im","FAO data based on imputation methodology"
"QD","Crops processed","106","Italy","5510","Production","252","Oil, coconut (copra)","2013","2013","tonnes","256","Im","FAO data based on imputation methodology"
"QD","Crops processed","106","Italy","5510","Production","252","Oil, coconut (copra)","2014","2014","tonnes","512","Im","FAO data based on imputation methodology"
"QD","Crops processed","109","Jamaica","5510","Production","252","Oil, coconut (copra)","2011","2011","tonnes","11200","Im","FAO data based on imputation methodology"
"QD","Crops processed","109","Jamaica","5510","Production","252","Oil, coconut (copra)","2012","2012","tonnes","11200","Im","FAO data based on imputation methodology"
"QD","Crops processed","109","Jamaica","5510","Production","252","Oil, coconut (copra)","2013","2013","tonnes","11200","Im","FAO data based on imputation methodology"
"QD","Crops processed","109","Jamaica","5510","Production","252","Oil, coconut (copra)","2014","2014","tonnes","11520","Im","FAO data based on imputation methodology"
"QD","Crops processed","110","Japan","5510","Production","252","Oil, coconut (copra)","2011","2011","tonnes","0","F","FAO estimate"
"QD","Crops processed","110","Japan","5510","Production","252","Oil, coconut (copra)","2012","2012","tonnes","0","F","FAO estimate"
"QD","Crops processed","110","Japan","5510","Production","252","Oil, coconut (copra)","2013","2013","tonnes","0","F","FAO estimate"
"QD","Crops processed","110","Japan","5510","Production","252","Oil, coconut (copra)","2014","2014","tonnes","0","Im","FAO data based on imputation methodology"
"QD","Crops processed","114","Kenya","5510","Production","252","Oil, coconut (copra)","2011","2011","tonnes","2070","Im","FAO data based on imputation methodology"
"QD","Crops processed","114","Kenya","5510","Production","252","Oil, coconut (copra)","2012","2012","tonnes","4258","Im","FAO data based on imputation methodology"
"QD","Crops processed","114","Kenya","5510","Production","252","Oil, coconut (copra)","2013","2013","tonnes","4258","Im","FAO data based on imputation methodology"
"QD","Crops processed","114","Kenya","5510","Production","252","Oil, coconut (copra)","2014","2014","tonnes","4258","Im","FAO data based on imputation methodology"
"QD","Crops processed","83","Kiribati","5510","Production","252","Oil, coconut (copra)","2011","2011","tonnes","5026","Im","FAO data based on imputation methodology"
"QD","Crops processed","83","Kiribati","5510","Production","252","Oil, coconut (copra)","2012","2012","tonnes","3023","Im","FAO data based on imputation methodology"
"QD","Crops processed","83","Kiribati","5510","Production","252","Oil, coconut (copra)","2013","2013","tonnes","4239","Im","FAO data based on imputation methodology"
"QD","Crops processed","83","Kiribati","5510","Production","252","Oil, coconut (copra)","2014","2014","tonnes","5539","Im","FAO data based on imputation methodology"
"QD","Crops processed","129","Madagascar","5510","Production","252","Oil, coconut (copra)","2011","2011","tonnes","6600","Im","FAO data based on imputation methodology"
"QD","Crops processed","129","Madagascar","5510","Production","252","Oil, coconut (copra)","2012","2012","tonnes","6600","Im","FAO data based on imputation methodology"
"QD","Crops processed","129","Madagascar","5510","Production","252","Oil, coconut (copra)","2013","2013","tonnes","6601","Im","FAO data based on imputation methodology"
"QD","Crops processed","129","Madagascar","5510","Production","252","Oil, coconut (copra)","2014","2014","tonnes","6600","Im","FAO data based on imputation methodology"
"QD","Crops processed","131","Malaysia","5510","Production","252","Oil, coconut (copra)","2011","2011","tonnes","51000","","Official data"
"QD","Crops processed","131","Malaysia","5510","Production","252","Oil, coconut (copra)","2012","2012","tonnes","45400","*","Unofficial figure"
"QD","Crops processed","131","Malaysia","5510","Production","252","Oil, coconut (copra)","2013","2013","tonnes","52900","*","Unofficial figure"
"QD","Crops processed","131","Malaysia","5510","Production","252","Oil, coconut (copra)","2014","2014","tonnes","58240","","Official data"
"QD","Crops processed","132","Maldives","5510","Production","252","Oil, coconut (copra)","2011","2011","tonnes","19","Im","FAO data based on imputation methodology"
"QD","Crops processed","132","Maldives","5510","Production","252","Oil, coconut (copra)","2012","2012","tonnes","8","Im","FAO data based on imputation methodology"
"QD","Crops processed","132","Maldives","5510","Production","252","Oil, coconut (copra)","2013","2013","tonnes","8","Im","FAO data based on imputation methodology"
"QD","Crops processed","132","Maldives","5510","Production","252","Oil, coconut (copra)","2014","2014","tonnes","10","F","FAO estimate"
"QD","Crops processed","137","Mauritius","5510","Production","252","Oil, coconut (copra)","2011","2011","tonnes","13","Im","FAO data based on imputation methodology"
"QD","Crops processed","137","Mauritius","5510","Production","252","Oil, coconut (copra)","2012","2012","tonnes","13","Im","FAO data based on imputation methodology"
"QD","Crops processed","137","Mauritius","5510","Production","252","Oil, coconut (copra)","2013","2013","tonnes","13","Im","FAO data based on imputation methodology"
"QD","Crops processed","137","Mauritius","5510","Production","252","Oil, coconut (copra)","2014","2014","tonnes","64","Im","FAO data based on imputation methodology"
"QD","Crops processed","138","Mexico","5510","Production","252","Oil, coconut (copra)","2011","2011","tonnes","130400","*","Unofficial figure"
"QD","Crops processed","138","Mexico","5510","Production","252","Oil, coconut (copra)","2012","2012","tonnes","134800","*","Unofficial figure"
"QD","Crops processed","138","Mexico","5510","Production","252","Oil, coconut (copra)","2013","2013","tonnes","129100","*","Unofficial figure"
"QD","Crops processed","138","Mexico","5510","Production","252","Oil, coconut (copra)","2014","2014","tonnes","126600","*","Unofficial figure"
"QD","Crops processed","145","Micronesia (Federated States of)","5510","Production","252","Oil, coconut (copra)","2011","2011","tonnes","2898","Im","FAO data based on imputation methodology"
"QD","Crops processed","145","Micronesia (Federated States of)","5510","Production","252","Oil, coconut (copra)","2012","2012","tonnes","2900","F","FAO estimate"
"QD","Crops processed","145","Micronesia (Federated States of)","5510","Production","252","Oil, coconut (copra)","2013","2013","tonnes","3000","F","FAO estimate"
"QD","Crops processed","145","Micronesia (Federated States of)","5510","Production","252","Oil, coconut (copra)","2014","2014","tonnes","2898","Im","FAO data based on imputation methodology"
"QD","Crops processed","144","Mozambique","5510","Production","252","Oil, coconut (copra)","2011","2011","tonnes","21329","","Official data"
"QD","Crops processed","144","Mozambique","5510","Production","252","Oil, coconut (copra)","2012","2012","tonnes","17574","","Official data"
"QD","Crops processed","144","Mozambique","5510","Production","252","Oil, coconut (copra)","2013","2013","tonnes","18388","","Official data"
"QD","Crops processed","144","Mozambique","5510","Production","252","Oil, coconut (copra)","2014","2014","tonnes","18646","","Official data"
"QD","Crops processed","28","Myanmar","5510","Production","252","Oil, coconut (copra)","2011","2011","tonnes","28","Im","FAO data based on imputation methodology"
"QD","Crops processed","28","Myanmar","5510","Production","252","Oil, coconut (copra)","2012","2012","tonnes","0","Im","FAO data based on imputation methodology"
"QD","Crops processed","28","Myanmar","5510","Production","252","Oil, coconut (copra)","2013","2013","tonnes","0","Im","FAO data based on imputation methodology"
"QD","Crops processed","28","Myanmar","5510","Production","252","Oil, coconut (copra)","2014","2014","tonnes","0","F","FAO estimate"
"QD","Crops processed","149","Nepal","5510","Production","252","Oil, coconut (copra)","2011","2011","tonnes","1","Im","FAO data based on imputation methodology"
"QD","Crops processed","149","Nepal","5510","Production","252","Oil, coconut (copra)","2012","2012","tonnes","0","Im","FAO data based on imputation methodology"
"QD","Crops processed","149","Nepal","5510","Production","252","Oil, coconut (copra)","2013","2013","tonnes","0","Im","FAO data based on imputation methodology"
"QD","Crops processed","149","Nepal","5510","Production","252","Oil, coconut (copra)","2014","2014","tonnes","0","F","FAO estimate"
"QD","Crops processed","150","Netherlands","5510","Production","252","Oil, coconut (copra)","2011","2011","tonnes","0","Im","FAO data based on imputation methodology"
"QD","Crops processed","150","Netherlands","5510","Production","252","Oil, coconut (copra)","2012","2012","tonnes","0","Im","FAO data based on imputation methodology"
"QD","Crops processed","150","Netherlands","5510","Production","252","Oil, coconut (copra)","2013","2013","tonnes","0","Im","FAO data based on imputation methodology"
"QD","Crops processed","150","Netherlands","5510","Production","252","Oil, coconut (copra)","2014","2014","tonnes","0","Im","FAO data based on imputation methodology"
"QD","Crops processed","153","New Caledonia","5510","Production","252","Oil, coconut (copra)","2011","2011","tonnes","72","F","FAO estimate"
"QD","Crops processed","153","New Caledonia","5510","Production","252","Oil, coconut (copra)","2012","2012","tonnes","74","F","FAO estimate"
"QD","Crops processed","153","New Caledonia","5510","Production","252","Oil, coconut (copra)","2013","2013","tonnes","74","F","FAO estimate"
"QD","Crops processed","153","New Caledonia","5510","Production","252","Oil, coconut (copra)","2014","2014","tonnes","74","Im","FAO data based on imputation methodology"
"QD","Crops processed","156","New Zealand","5510","Production","252","Oil, coconut (copra)","2011","2011","tonnes","0","Im","FAO data based on imputation methodology"
"QD","Crops processed","156","New Zealand","5510","Production","252","Oil, coconut (copra)","2012","2012","tonnes","0","Im","FAO data based on imputation methodology"
"QD","Crops processed","156","New Zealand","5510","Production","252","Oil, coconut (copra)","2013","2013","tonnes","0","Im","FAO data based on imputation methodology"
"QD","Crops processed","156","New Zealand","5510","Production","252","Oil, coconut (copra)","2014","2014","tonnes","0","F","FAO estimate"
"QD","Crops processed","157","Nicaragua","5510","Production","252","Oil, coconut (copra)","2011","2011","tonnes","64","Im","FAO data based on imputation methodology"
"QD","Crops processed","157","Nicaragua","5510","Production","252","Oil, coconut (copra)","2012","2012","tonnes","64","Im","FAO data based on imputation methodology"
"QD","Crops processed","157","Nicaragua","5510","Production","252","Oil, coconut (copra)","2013","2013","tonnes","64","Im","FAO data based on imputation methodology"
"QD","Crops processed","157","Nicaragua","5510","Production","252","Oil, coconut (copra)","2014","2014","tonnes","64","Im","FAO data based on imputation methodology"
"QD","Crops processed","159","Nigeria","5510","Production","252","Oil, coconut (copra)","2011","2011","tonnes","11550","F","FAO estimate"
"QD","Crops processed","159","Nigeria","5510","Production","252","Oil, coconut (copra)","2012","2012","tonnes","12000","F","FAO estimate"
"QD","Crops processed","159","Nigeria","5510","Production","252","Oil, coconut (copra)","2013","2013","tonnes","11211","Im","FAO data based on imputation methodology"
"QD","Crops processed","159","Nigeria","5510","Production","252","Oil, coconut (copra)","2014","2014","tonnes","12000","F","FAO estimate"
"QD","Crops processed","162","Norway","5510","Production","252","Oil, coconut (copra)","2011","2011","tonnes","0","Im","FAO data based on imputation methodology"
"QD","Crops processed","162","Norway","5510","Production","252","Oil, coconut (copra)","2012","2012","tonnes","0","","Official data"
"QD","Crops processed","162","Norway","5510","Production","252","Oil, coconut (copra)","2013","2013","tonnes","0","","Official data"
"QD","Crops processed","162","Norway","5510","Production","252","Oil, coconut (copra)","2014","2014","tonnes","0","","Official data"
"QD","Crops processed","165","Pakistan","5510","Production","252","Oil, coconut (copra)","2011","2011","tonnes","6728","Im","FAO data based on imputation methodology"
"QD","Crops processed","165","Pakistan","5510","Production","252","Oil, coconut (copra)","2012","2012","tonnes","11482","Im","FAO data based on imputation methodology"
"QD","Crops processed","165","Pakistan","5510","Production","252","Oil, coconut (copra)","2013","2013","tonnes","11038","Im","FAO data based on imputation methodology"
"QD","Crops processed","165","Pakistan","5510","Production","252","Oil, coconut (copra)","2014","2014","tonnes","11038","Im","FAO data based on imputation methodology"
"QD","Crops processed","166","Panama","5510","Production","252","Oil, coconut (copra)","2011","2011","tonnes","20","Im","FAO data based on imputation methodology"
"QD","Crops processed","166","Panama","5510","Production","252","Oil, coconut (copra)","2012","2012","tonnes","20","","Official data"
"QD","Crops processed","166","Panama","5510","Production","252","Oil, coconut (copra)","2013","2013","tonnes","20","","Official data"
"QD","Crops processed","166","Panama","5510","Production","252","Oil, coconut (copra)","2014","2014","tonnes","21","","Official data"
"QD","Crops processed","168","Papua New Guinea","5510","Production","252","Oil, coconut (copra)","2011","2011","tonnes","54700","*","Unofficial figure"
"QD","Crops processed","168","Papua New Guinea","5510","Production","252","Oil, coconut (copra)","2012","2012","tonnes","37900","*","Unofficial figure"
"QD","Crops processed","168","Papua New Guinea","5510","Production","252","Oil, coconut (copra)","2013","2013","tonnes","36300","*","Unofficial figure"
"QD","Crops processed","168","Papua New Guinea","5510","Production","252","Oil, coconut (copra)","2014","2014","tonnes","21600","*","Unofficial figure"
"QD","Crops processed","171","Philippines","5510","Production","252","Oil, coconut (copra)","2011","2011","tonnes","1254522","Im","FAO data based on imputation methodology"
"QD","Crops processed","171","Philippines","5510","Production","252","Oil, coconut (copra)","2012","2012","tonnes","1274352","Im","FAO data based on imputation methodology"
"QD","Crops processed","171","Philippines","5510","Production","252","Oil, coconut (copra)","2013","2013","tonnes","1208952","Im","FAO data based on imputation methodology"
"QD","Crops processed","171","Philippines","5510","Production","252","Oil, coconut (copra)","2014","2014","tonnes","1109112","Im","FAO data based on imputation methodology"
"QD","Crops processed","173","Poland","5510","Production","252","Oil, coconut (copra)","2011","2011","tonnes","0","Im","FAO data based on imputation methodology"
"QD","Crops processed","173","Poland","5510","Production","252","Oil, coconut (copra)","2012","2012","tonnes","0","Im","FAO data based on imputation methodology"
"QD","Crops processed","173","Poland","5510","Production","252","Oil, coconut (copra)","2013","2013","tonnes","289","Im","FAO data based on imputation methodology"
"QD","Crops processed","173","Poland","5510","Production","252","Oil, coconut (copra)","2014","2014","tonnes","289","Im","FAO data based on imputation methodology"
"QD","Crops processed","174","Portugal","5510","Production","252","Oil, coconut (copra)","2011","2011","tonnes","","M","Data not available"
"QD","Crops processed","174","Portugal","5510","Production","252","Oil, coconut (copra)","2012","2012","tonnes","","M","Data not available"
"QD","Crops processed","174","Portugal","5510","Production","252","Oil, coconut (copra)","2013","2013","tonnes","","M","Data not available"
"QD","Crops processed","174","Portugal","5510","Production","252","Oil, coconut (copra)","2014","2014","tonnes","61","Im","FAO data based on imputation methodology"
"QD","Crops processed","177","Puerto Rico","5510","Production","252","Oil, coconut (copra)","2011","2011","tonnes","519","Im","FAO data based on imputation methodology"
"QD","Crops processed","177","Puerto Rico","5510","Production","252","Oil, coconut (copra)","2012","2012","tonnes","525","Im","FAO data based on imputation methodology"
"QD","Crops processed","177","Puerto Rico","5510","Production","252","Oil, coconut (copra)","2013","2013","tonnes","531","Im","FAO data based on imputation methodology"
"QD","Crops processed","177","Puerto Rico","5510","Production","252","Oil, coconut (copra)","2014","2014","tonnes","607","Im","FAO data based on imputation methodology"
"QD","Crops processed","117","Republic of Korea","5510","Production","252","Oil, coconut (copra)","2011","2011","tonnes","513","Im","FAO data based on imputation methodology"
"QD","Crops processed","117","Republic of Korea","5510","Production","252","Oil, coconut (copra)","2012","2012","tonnes","728","Im","FAO data based on imputation methodology"
"QD","Crops processed","117","Republic of Korea","5510","Production","252","Oil, coconut (copra)","2013","2013","tonnes","731","Im","FAO data based on imputation methodology"
"QD","Crops processed","117","Republic of Korea","5510","Production","252","Oil, coconut (copra)","2014","2014","tonnes","731","Im","FAO data based on imputation methodology"
"QD","Crops processed","188","Saint Kitts and Nevis","5510","Production","252","Oil, coconut (copra)","2011","2011","tonnes","693","Im","FAO data based on imputation methodology"
"QD","Crops processed","188","Saint Kitts and Nevis","5510","Production","252","Oil, coconut (copra)","2012","2012","tonnes","567","Im","FAO data based on imputation methodology"
"QD","Crops processed","188","Saint Kitts and Nevis","5510","Production","252","Oil, coconut (copra)","2013","2013","tonnes","536","Im","FAO data based on imputation methodology"
"QD","Crops processed","188","Saint Kitts and Nevis","5510","Production","252","Oil, coconut (copra)","2014","2014","tonnes","252","Im","FAO data based on imputation methodology"
"QD","Crops processed","189","Saint Lucia","5510","Production","252","Oil, coconut (copra)","2011","2011","tonnes","475","F","FAO estimate"
"QD","Crops processed","189","Saint Lucia","5510","Production","252","Oil, coconut (copra)","2012","2012","tonnes","487","F","FAO estimate"
"QD","Crops processed","189","Saint Lucia","5510","Production","252","Oil, coconut (copra)","2013","2013","tonnes","487","F","FAO estimate"
"QD","Crops processed","189","Saint Lucia","5510","Production","252","Oil, coconut (copra)","2014","2014","tonnes","487","Im","FAO data based on imputation methodology"
"QD","Crops processed","191","Saint Vincent and the Grenadines","5510","Production","252","Oil, coconut (copra)","2011","2011","tonnes","315","Im","FAO data based on imputation methodology"
"QD","Crops processed","191","Saint Vincent and the Grenadines","5510","Production","252","Oil, coconut (copra)","2012","2012","tonnes","300","Im","FAO data based on imputation methodology"
"QD","Crops processed","191","Saint Vincent and the Grenadines","5510","Production","252","Oil, coconut (copra)","2013","2013","tonnes","300","Im","FAO data based on imputation methodology"
"QD","Crops processed","191","Saint Vincent and the Grenadines","5510","Production","252","Oil, coconut (copra)","2014","2014","tonnes","315","Im","FAO data based on imputation methodology"
"QD","Crops processed","244","Samoa","5510","Production","252","Oil, coconut (copra)","2011","2011","tonnes","5100","*","Unofficial figure"
"QD","Crops processed","244","Samoa","5510","Production","252","Oil, coconut (copra)","2012","2012","tonnes","5100","*","Unofficial figure"
"QD","Crops processed","244","Samoa","5510","Production","252","Oil, coconut (copra)","2013","2013","tonnes","5100","*","Unofficial figure"
"QD","Crops processed","244","Samoa","5510","Production","252","Oil, coconut (copra)","2014","2014","tonnes","5100","*","Unofficial figure"
"QD","Crops processed","193","Sao Tome and Principe","5510","Production","252","Oil, coconut (copra)","2011","2011","tonnes","511","Im","FAO data based on imputation methodology"
"QD","Crops processed","193","Sao Tome and Principe","5510","Production","252","Oil, coconut (copra)","2012","2012","tonnes","998","Im","FAO data based on imputation methodology"
"QD","Crops processed","193","Sao Tome and Principe","5510","Production","252","Oil, coconut (copra)","2013","2013","tonnes","2829","Im","FAO data based on imputation methodology"
"QD","Crops processed","193","Sao Tome and Principe","5510","Production","252","Oil, coconut (copra)","2014","2014","tonnes","333","Im","FAO data based on imputation methodology"
"QD","Crops processed","196","Seychelles","5510","Production","252","Oil, coconut (copra)","2011","2011","tonnes","6","F","FAO estimate"
"QD","Crops processed","196","Seychelles","5510","Production","252","Oil, coconut (copra)","2012","2012","tonnes","7","F","FAO estimate"
"QD","Crops processed","196","Seychelles","5510","Production","252","Oil, coconut (copra)","2013","2013","tonnes","5","F","FAO estimate"
"QD","Crops processed","196","Seychelles","5510","Production","252","Oil, coconut (copra)","2014","2014","tonnes","15","F","FAO estimate"
"QD","Crops processed","25","Solomon Islands","5510","Production","252","Oil, coconut (copra)","2011","2011","tonnes","5600","*","Unofficial figure"
"QD","Crops processed","25","Solomon Islands","5510","Production","252","Oil, coconut (copra)","2012","2012","tonnes","7900","*","Unofficial figure"
"QD","Crops processed","25","Solomon Islands","5510","Production","252","Oil, coconut (copra)","2013","2013","tonnes","12700","*","Unofficial figure"
"QD","Crops processed","25","Solomon Islands","5510","Production","252","Oil, coconut (copra)","2014","2014","tonnes","13700","*","Unofficial figure"
"QD","Crops processed","202","South Africa","5510","Production","252","Oil, coconut (copra)","2011","2011","tonnes","0","Im","FAO data based on imputation methodology"
"QD","Crops processed","202","South Africa","5510","Production","252","Oil, coconut (copra)","2012","2012","tonnes","2","Im","FAO data based on imputation methodology"
"QD","Crops processed","202","South Africa","5510","Production","252","Oil, coconut (copra)","2013","2013","tonnes","0","Im","FAO data based on imputation methodology"
"QD","Crops processed","202","South Africa","5510","Production","252","Oil, coconut (copra)","2014","2014","tonnes","0","F","FAO estimate"
"QD","Crops processed","203","Spain","5510","Production","252","Oil, coconut (copra)","2011","2011","tonnes","0","Im","FAO data based on imputation methodology"
"QD","Crops processed","203","Spain","5510","Production","252","Oil, coconut (copra)","2012","2012","tonnes","0","Im","FAO data based on imputation methodology"
"QD","Crops processed","203","Spain","5510","Production","252","Oil, coconut (copra)","2013","2013","tonnes","0","Im","FAO data based on imputation methodology"
"QD","Crops processed","203","Spain","5510","Production","252","Oil, coconut (copra)","2014","2014","tonnes","0","F","FAO estimate"
"QD","Crops processed","38","Sri Lanka","5510","Production","252","Oil, coconut (copra)","2011","2011","tonnes","53090","","Official data"
"QD","Crops processed","38","Sri Lanka","5510","Production","252","Oil, coconut (copra)","2012","2012","tonnes","55190","","Official data"
"QD","Crops processed","38","Sri Lanka","5510","Production","252","Oil, coconut (copra)","2013","2013","tonnes","45208","","Official data"
"QD","Crops processed","38","Sri Lanka","5510","Production","252","Oil, coconut (copra)","2014","2014","tonnes","45268","","Official data"
"QD","Crops processed","207","Suriname","5510","Production","252","Oil, coconut (copra)","2011","2011","tonnes","449","Im","FAO data based on imputation methodology"
"QD","Crops processed","207","Suriname","5510","Production","252","Oil, coconut (copra)","2012","2012","tonnes","419","Im","FAO data based on imputation methodology"
"QD","Crops processed","207","Suriname","5510","Production","252","Oil, coconut (copra)","2013","2013","tonnes","1104","Im","FAO data based on imputation methodology"
"QD","Crops processed","207","Suriname","5510","Production","252","Oil, coconut (copra)","2014","2014","tonnes","1280","Im","FAO data based on imputation methodology"
"QD","Crops processed","209","Eswatini","5510","Production","252","Oil, coconut (copra)","2011","2011","tonnes","0","Im","FAO data based on imputation methodology"
"QD","Crops processed","209","Eswatini","5510","Production","252","Oil, coconut (copra)","2012","2012","tonnes","0","Im","FAO data based on imputation methodology"
"QD","Crops processed","209","Eswatini","5510","Production","252","Oil, coconut (copra)","2013","2013","tonnes","0","Im","FAO data based on imputation methodology"
"QD","Crops processed","209","Eswatini","5510","Production","252","Oil, coconut (copra)","2014","2014","tonnes","0","F","FAO estimate"
"QD","Crops processed","210","Sweden","5510","Production","252","Oil, coconut (copra)","2011","2011","tonnes","0","Im","FAO data based on imputation methodology"
"QD","Crops processed","210","Sweden","5510","Production","252","Oil, coconut (copra)","2012","2012","tonnes","0","Im","FAO data based on imputation methodology"
"QD","Crops processed","210","Sweden","5510","Production","252","Oil, coconut (copra)","2013","2013","tonnes","0","Im","FAO data based on imputation methodology"
"QD","Crops processed","210","Sweden","5510","Production","252","Oil, coconut (copra)","2014","2014","tonnes","0","Im","FAO data based on imputation methodology"
"QD","Crops processed","211","Switzerland","5510","Production","252","Oil, coconut (copra)","2011","2011","tonnes","0","Im","FAO data based on imputation methodology"
"QD","Crops processed","211","Switzerland","5510","Production","252","Oil, coconut (copra)","2012","2012","tonnes","0","Im","FAO data based on imputation methodology"
"QD","Crops processed","211","Switzerland","5510","Production","252","Oil, coconut (copra)","2013","2013","tonnes","0","Im","FAO data based on imputation methodology"
"QD","Crops processed","211","Switzerland","5510","Production","252","Oil, coconut (copra)","2014","2014","tonnes","0","Im","FAO data based on imputation methodology"
"QD","Crops processed","216","Thailand","5510","Production","252","Oil, coconut (copra)","2011","2011","tonnes","26200","*","Unofficial figure"
"QD","Crops processed","216","Thailand","5510","Production","252","Oil, coconut (copra)","2012","2012","tonnes","28700","*","Unofficial figure"
"QD","Crops processed","216","Thailand","5510","Production","252","Oil, coconut (copra)","2013","2013","tonnes","29300","*","Unofficial figure"
"QD","Crops processed","216","Thailand","5510","Production","252","Oil, coconut (copra)","2014","2014","tonnes","29300","*","Unofficial figure"
"QD","Crops processed","176","Timor-Leste","5510","Production","252","Oil, coconut (copra)","2011","2011","tonnes","378","Im","FAO data based on imputation methodology"
"QD","Crops processed","176","Timor-Leste","5510","Production","252","Oil, coconut (copra)","2012","2012","tonnes","378","Im","FAO data based on imputation methodology"
"QD","Crops processed","176","Timor-Leste","5510","Production","252","Oil, coconut (copra)","2013","2013","tonnes","378","Im","FAO data based on imputation methodology"
"QD","Crops processed","176","Timor-Leste","5510","Production","252","Oil, coconut (copra)","2014","2014","tonnes","378","Im","FAO data based on imputation methodology"
"QD","Crops processed","217","Togo","5510","Production","252","Oil, coconut (copra)","2011","2011","tonnes","1760","Im","FAO data based on imputation methodology"
"QD","Crops processed","217","Togo","5510","Production","252","Oil, coconut (copra)","2012","2012","tonnes","1655","Im","FAO data based on imputation methodology"
"QD","Crops processed","217","Togo","5510","Production","252","Oil, coconut (copra)","2013","2013","tonnes","1541","Im","FAO data based on imputation methodology"
"QD","Crops processed","217","Togo","5510","Production","252","Oil, coconut (copra)","2014","2014","tonnes","1600","Im","FAO data based on imputation methodology"
"QD","Crops processed","218","Tokelau","5510","Production","252","Oil, coconut (copra)","2011","2011","tonnes","29","Im","FAO data based on imputation methodology"
"QD","Crops processed","218","Tokelau","5510","Production","252","Oil, coconut (copra)","2012","2012","tonnes","29","Im","FAO data based on imputation methodology"
"QD","Crops processed","218","Tokelau","5510","Production","252","Oil, coconut (copra)","2013","2013","tonnes","29","Im","FAO data based on imputation methodology"
"QD","Crops processed","218","Tokelau","5510","Production","252","Oil, coconut (copra)","2014","2014","tonnes","29","Im","FAO data based on imputation methodology"
"QD","Crops processed","219","Tonga","5510","Production","252","Oil, coconut (copra)","2011","2011","tonnes","3800","F","FAO estimate"
"QD","Crops processed","219","Tonga","5510","Production","252","Oil, coconut (copra)","2012","2012","tonnes","6200","F","FAO estimate"
"QD","Crops processed","219","Tonga","5510","Production","252","Oil, coconut (copra)","2013","2013","tonnes","6250","F","FAO estimate"
"QD","Crops processed","219","Tonga","5510","Production","252","Oil, coconut (copra)","2014","2014","tonnes","6250","Im","FAO data based on imputation methodology"
"QD","Crops processed","220","Trinidad and Tobago","5510","Production","252","Oil, coconut (copra)","2011","2011","tonnes","875","F","FAO estimate"
"QD","Crops processed","220","Trinidad and Tobago","5510","Production","252","Oil, coconut (copra)","2012","2012","tonnes","1500","F","FAO estimate"
"QD","Crops processed","220","Trinidad and Tobago","5510","Production","252","Oil, coconut (copra)","2013","2013","tonnes","1500","F","FAO estimate"
"QD","Crops processed","220","Trinidad and Tobago","5510","Production","252","Oil, coconut (copra)","2014","2014","tonnes","1500","Im","FAO data based on imputation methodology"
"QD","Crops processed","223","Turkey","5510","Production","252","Oil, coconut (copra)","2011","2011","tonnes","0","Im","FAO data based on imputation methodology"
"QD","Crops processed","223","Turkey","5510","Production","252","Oil, coconut (copra)","2012","2012","tonnes","0","Im","FAO data based on imputation methodology"
"QD","Crops processed","223","Turkey","5510","Production","252","Oil, coconut (copra)","2013","2013","tonnes","0","Im","FAO data based on imputation methodology"
"QD","Crops processed","223","Turkey","5510","Production","252","Oil, coconut (copra)","2014","2014","tonnes","0","F","FAO estimate"
"QD","Crops processed","227","Tuvalu","5510","Production","252","Oil, coconut (copra)","2011","2011","tonnes","20","Im","FAO data based on imputation methodology"
"QD","Crops processed","227","Tuvalu","5510","Production","252","Oil, coconut (copra)","2012","2012","tonnes","20","Im","FAO data based on imputation methodology"
"QD","Crops processed","227","Tuvalu","5510","Production","252","Oil, coconut (copra)","2013","2013","tonnes","20","Im","FAO data based on imputation methodology"
"QD","Crops processed","227","Tuvalu","5510","Production","252","Oil, coconut (copra)","2014","2014","tonnes","20","Im","FAO data based on imputation methodology"
"QD","Crops processed","229","United Kingdom of Great Britain and Northern Ireland","5510","Production","252","Oil, coconut (copra)","2011","2011","tonnes","0","Im","FAO data based on imputation methodology"
"QD","Crops processed","229","United Kingdom of Great Britain and Northern Ireland","5510","Production","252","Oil, coconut (copra)","2012","2012","tonnes","0","Im","FAO data based on imputation methodology"
"QD","Crops processed","229","United Kingdom of Great Britain and Northern Ireland","5510","Production","252","Oil, coconut (copra)","2013","2013","tonnes","0","Im","FAO data based on imputation methodology"
"QD","Crops processed","229","United Kingdom of Great Britain and Northern Ireland","5510","Production","252","Oil, coconut (copra)","2014","2014","tonnes","0","Im","FAO data based on imputation methodology"
"QD","Crops processed","215","United Republic of Tanzania","5510","Production","252","Oil, coconut (copra)","2011","2011","tonnes","16193","Im","FAO data based on imputation methodology"
"QD","Crops processed","215","United Republic of Tanzania","5510","Production","252","Oil, coconut (copra)","2012","2012","tonnes","16800","Im","FAO data based on imputation methodology"
"QD","Crops processed","215","United Republic of Tanzania","5510","Production","252","Oil, coconut (copra)","2013","2013","tonnes","11400","Im","FAO data based on imputation methodology"
"QD","Crops processed","215","United Republic of Tanzania","5510","Production","252","Oil, coconut (copra)","2014","2014","tonnes","11400","Im","FAO data based on imputation methodology"
"QD","Crops processed","155","Vanuatu","5510","Production","252","Oil, coconut (copra)","2011","2011","tonnes","14586","Im","FAO data based on imputation methodology"
"QD","Crops processed","155","Vanuatu","5510","Production","252","Oil, coconut (copra)","2012","2012","tonnes","12860","Im","FAO data based on imputation methodology"
"QD","Crops processed","155","Vanuatu","5510","Production","252","Oil, coconut (copra)","2013","2013","tonnes","8601","Im","FAO data based on imputation methodology"
"QD","Crops processed","155","Vanuatu","5510","Production","252","Oil, coconut (copra)","2014","2014","tonnes","10000","F","FAO estimate"
"QD","Crops processed","236","Venezuela (Bolivarian Republic of)","5510","Production","252","Oil, coconut (copra)","2011","2011","tonnes","10947","Im","FAO data based on imputation methodology"
"QD","Crops processed","236","Venezuela (Bolivarian Republic of)","5510","Production","252","Oil, coconut (copra)","2012","2012","tonnes","13963","Im","FAO data based on imputation methodology"
"QD","Crops processed","236","Venezuela (Bolivarian Republic of)","5510","Production","252","Oil, coconut (copra)","2013","2013","tonnes","16393","Im","FAO data based on imputation methodology"
"QD","Crops processed","236","Venezuela (Bolivarian Republic of)","5510","Production","252","Oil, coconut (copra)","2014","2014","tonnes","15000","F","FAO estimate"
"QD","Crops processed","237","Viet Nam","5510","Production","252","Oil, coconut (copra)","2011","2011","tonnes","154888","Im","FAO data based on imputation methodology"
"QD","Crops processed","237","Viet Nam","5510","Production","252","Oil, coconut (copra)","2012","2012","tonnes","154746","Im","FAO data based on imputation methodology"
"QD","Crops processed","237","Viet Nam","5510","Production","252","Oil, coconut (copra)","2013","2013","tonnes","154849","Im","FAO data based on imputation methodology"
"QD","Crops processed","237","Viet Nam","5510","Production","252","Oil, coconut (copra)","2014","2014","tonnes","156769","Im","FAO data based on imputation methodology"
"QD","Crops processed","243","Wallis and Futuna Islands","5510","Production","252","Oil, coconut (copra)","2011","2011","tonnes","164","Im","FAO data based on imputation methodology"
"QD","Crops processed","243","Wallis and Futuna Islands","5510","Production","252","Oil, coconut (copra)","2012","2012","tonnes","164","Im","FAO data based on imputation methodology"
"QD","Crops processed","243","Wallis and Futuna Islands","5510","Production","252","Oil, coconut (copra)","2013","2013","tonnes","164","Im","FAO data based on imputation methodology"
"QD","Crops processed","243","Wallis and Futuna Islands","5510","Production","252","Oil, coconut (copra)","2014","2014","tonnes","164","Im","FAO data based on imputation methodology"
"QD","Crops processed","351","China","5510","Production","252","Oil, coconut (copra)","2011","2011","tonnes","331","A","Aggregate, may include official, semi-official, estimated or calculated data"
"QD","Crops processed","351","China","5510","Production","252","Oil, coconut (copra)","2012","2012","tonnes","387","A","Aggregate, may include official, semi-official, estimated or calculated data"
"QD","Crops processed","351","China","5510","Production","252","Oil, coconut (copra)","2013","2013","tonnes","387","A","Aggregate, may include official, semi-official, estimated or calculated data"
"QD","Crops processed","351","China","5510","Production","252","Oil, coconut (copra)","2014","2014","tonnes","406","A","Aggregate, may include official, semi-official, estimated or calculated data"
